t,value
2020-01-01,0.0
2020-01-02,-1.8215879119207263
2020-01-03,-1.294982955716557
2020-01-04,-0.7438936085775434
2020-01-05,0.47337712703312607
2020-01-06,-1.335613481435383
2020-01-07,-3.3252711277780613
2020-01-08,-3.206154438825718
2020-01-09,-2.1415170286391256
2020-01-10,-0.6991470558283278
2020-01-11,-0.04570104077810133
2020-01-12,0.19802143025959895
2020-01-13,-0.16512233667909176
2020-01-14,1.3030464183491648
2020-01-15,0.5757756411706412
2020-01-16,0.3784312833042527
2020-01-17,-0.5414557469222421
2020-01-18,-0.293509585567992
2020-01-19,-1.057913819520156
2020-01-20,-0.5173223848707733
2020-01-21,-0.004226681671918309
2020-01-22,1.7860998066509537
2020-01-23,1.84571586735265
2020-01-24,1.789130951221031
2020-01-25,0.8216349270151333
2020-01-26,0.057552422986528295
2020-01-27,0.036634215257057665
2020-01-28,-1.4556127584879868
2020-01-29,-3.1930021099637114
2020-01-30,-2.521591961809233
2020-01-31,-1.923416671044808
2020-02-01,-2.19009459849654
2020-02-02,-2.7262324724331966
2020-02-03,-3.1742692458369532
2020-02-04,-2.706260199950812
2020-02-05,-1.674952009841168
2020-02-06,-3.254054491851683
2020-02-07,-2.0272524285615443
2020-02-08,0.2850324428007138
2020-02-09,-1.5659485041295311
2020-02-10,-1.0990940123995872
2020-02-11,0.6103143199404922
2020-02-12,0.9107844906723561
2020-02-13,-0.5683628316719734
2020-02-14,0.04167037757354286
2020-02-15,0.1981964724275118
2020-02-16,0.6109435952420252
2020-02-17,2.927507685682981
2020-02-18,3.481523407954715
2020-02-19,1.9690687348946576
2020-02-20,0.8727701163085799
2020-02-21,-0.2255216651620124
2020-02-22,-0.06270575877748258
2020-02-23,-0.6828362787923818
2020-02-24,-1.3415474688834705
2020-02-25,-2.546808918454233
2020-02-26,-2.6833062900455698
2020-02-27,-2.0227250409420643
2020-02-28,-4.232266162550324
2020-02-29,-4.200154587407035
2020-03-01,-3.3019944764303193
2020-03-02,-3.424867622339095
2020-03-03,-1.017261953103854
2020-03-04,0.9561185348296206
2020-03-05,0.05188295275419719
2020-03-06,0.4411822473139374
2020-03-07,1.9327386257006638
2020-03-08,2.1760110535865116
2020-03-09,2.155059248863558
2020-03-10,2.206970880791367
2020-03-11,-0.18490048752155863
2020-03-12,-1.1691163304369616
2020-03-13,-1.2489537450737578
2020-03-14,0.3354275037072605
2020-03-15,1.174132121151633
2020-03-16,0.7751858802293609
2020-03-17,0.41097957834579957
2020-03-18,1.3161193479076365
2020-03-19,1.2776650477317544
2020-03-20,0.25010263979566827
2020-03-21,-0.3548982943209754
2020-03-22,0.5464966311975552
2020-03-23,1.3096406680850534
2020-03-24,1.290446470056331
2020-03-25,1.2416036648295403
2020-03-26,0.5101561780460822
2020-03-27,-0.00972144744398079
2020-03-28,-0.7486612399067634
2020-03-29,-1.1590300049349611
2020-03-30,0.30104254595875857
2020-03-31,-0.2985664691595331
2020-04-01,-1.3587195663014175
2020-04-02,-2.6167615825460517
2020-04-03,-4.06603756839874
2020-04-04,-4.027965471789323
2020-04-05,-3.9146903249103615
2020-04-06,-1.6171070018564113
2020-04-07,-0.8718565753460457
2020-04-08,0.47877298468207047
2020-04-09,1.8667836080582996
2020-04-10,1.671675321198879
2020-04-11,3.3638941769551205
2020-04-12,3.803703560863154
2020-04-13,4.663385709280436
2020-04-14,5.732509165407208
2020-04-15,5.559294074063055
2020-04-16,5.3644253010982075
2020-04-17,5.216063995120382
2020-04-18,3.278218330752388
2020-04-19,2.2221604464982434
2020-04-20,2.874891732924462
2020-04-21,4.255798597279096
2020-04-22,3.294473732935992
2020-04-23,2.8761544194290334
2020-04-24,2.663326269545969
2020-04-25,2.0731350363661933
2020-04-26,1.9673610324853428
2020-04-27,1.9342872883444222
2020-04-28,2.176036363814581
2020-04-29,3.3991088795507522
2020-04-30,4.080101398885323
2020-05-01,3.888323414326841
2020-05-02,5.099520291833633
2020-05-03,5.935395852076474
2020-05-04,5.099890081409965
2020-05-05,2.825832287333728
2020-05-06,0.7859869880053552
2020-05-07,1.1668897663517321
2020-05-08,0.6764923131546581
2020-05-09,-0.7189866182894141
2020-05-10,-1.7364968121635103
2020-05-11,-2.3798158924963886
2020-05-12,-1.32815877105114
2020-05-13,-0.8790100255102877
2020-05-14,-2.1382794510205465
2020-05-15,-2.228528503173843
2020-05-16,-1.54813871098589
2020-05-17,-1.628941377250267
2020-05-18,-0.3390027621838543
2020-05-19,-0.22978706176228808
2020-05-20,0.756132482950406
2020-05-21,1.6450238406901614
2020-05-22,2.4813376924665267
2020-05-23,1.2571615163845893
2020-05-24,0.6646190690232161
2020-05-25,0.5181913275390448
2020-05-26,-1.028584664706205
2020-05-27,-0.28660961192506784
2020-05-28,-0.6046642945262403
2020-05-29,-1.420259623219915
2020-05-30,-2.3933506657080508
2020-05-31,-1.618820540735158
2020-06-01,-2.540511620932573
2020-06-02,-2.024906383790529
2020-06-03,-0.32826120060313524
2020-06-04,0.6923750616406366
2020-06-05,1.4813999042092427
2020-06-06,2.2297177864840085
2020-06-07,1.13816849029266
2020-06-08,1.9655000412081662
2020-06-09,1.686217770698772
2020-06-10,1.0985560973156463
2020-06-11,0.5196525124655693
2020-06-12,0.774209203509381
2020-06-13,0.27794696802100627
2020-06-14,0.07405840139920475
2020-06-15,-1.1493308063316938
2020-06-16,-0.24893696342218546
2020-06-17,0.9374574586130837
2020-06-18,0.7260025833687789
2020-06-19,-0.005250868091495026
2020-06-20,0.4527679398341765
2020-06-21,-0.0872277302415419
2020-06-22,-0.22733422068244924
2020-06-23,1.0296775371915143
2020-06-24,0.4770444255885815
2020-06-25,0.4257335219361911
2020-06-26,0.8037524161325262
2020-06-27,0.6719552210175352
2020-06-28,-0.005160134754981574
2020-06-29,1.0091531154488251
2020-06-30,0.695672679349848
2020-07-01,-1.4945282119565282
2020-07-02,-1.2799045383860368
2020-07-03,-1.96901354382425
2020-07-04,-1.3638510301114466
2020-07-05,0.5205748816963216
2020-07-06,1.5801710828931093
2020-07-07,2.5874481195614485
2020-07-08,4.5185721233338025
2020-07-09,5.389637804047847
2020-07-10,5.028987820907292
2020-07-11,5.789367797299656
2020-07-12,7.039849056095768
2020-07-13,8.10256124607467
2020-07-14,6.697414194967502
2020-07-15,3.8070555913971966
2020-07-16,1.950844946283509
2020-07-17,2.0430406994460277
2020-07-18,2.075048151206198
2020-07-19,1.5172211139209537
2020-07-20,1.6916658958709594
2020-07-21,0.10672019454547468
2020-07-22,-0.3617765783413859
2020-07-23,0.8855041016513847
2020-07-24,1.705101983818487
2020-07-25,2.2756176667118098
2020-07-26,3.6945908520554545
2020-07-27,3.5284785127517027
2020-07-28,2.1432338349015594
2020-07-29,2.6428654460461547
2020-07-30,3.761219004936868
2020-07-31,4.035715131118862
2020-08-01,3.29151777421496
2020-08-02,2.570445470146974
2020-08-03,0.7801352843896867
2020-08-04,1.2263455768665175
2020-08-05,2.503906383105239
2020-08-06,1.1225028798290646
2020-08-07,1.240961287582674
2020-08-08,1.7439235186376023
2020-08-09,0.5348053665228887
2020-08-10,-1.186945552010477
2020-08-11,-1.0584632526356472
2020-08-12,-1.0950774082547468
2020-08-13,0.7848052783831058
2020-08-14,2.3084221575752593
2020-08-15,2.7014702206519976
2020-08-16,2.8737324352168834
2020-08-17,3.8390847301416327
2020-08-18,4.450132747987511
2020-08-19,4.398479873576966
2020-08-20,2.738429297962472
2020-08-21,4.860585933257192
2020-08-22,4.010064775460008
2020-08-23,2.454235980344549
2020-08-24,0.18364341302557588
2020-08-25,0.02382157862572376
2020-08-26,0.38568696369309136
2020-08-27,1.1342701842331562
2020-08-28,-0.5255389083720049
2020-08-29,-0.003151711758445863
2020-08-30,-0.3647945039239986
2020-08-31,-0.7638149630909101
2020-09-01,0.2609172184627902
2020-09-02,0.8426289663745574
2020-09-03,1.1105524034192695
2020-09-04,1.8203977653075605
2020-09-05,2.2047803801469326
2020-09-06,1.5942326575443184
