individual,time,X1,X2,y
ID_0,0,9.723471397657631,5.971532807151039,23.814581472229804
ID_0,1,9.531693250553328,4.648794564576229,24.641287804732563
ID_0,2,11.534869458305817,4.295788421097572,26.891804259222795
ID_0,3,9.073164614375075,4.301405369644614,22.89415566246912
ID_0,4,6.173439510684404,2.4126232512304506,19.251343900857435
ID_0,5,7.974337759331153,5.471370998892911,19.159956529417354
ID_0,6,7.175392597329417,7.198473153382331,17.262104837857887
ID_0,7,10.135056409375848,2.8628777206798146,24.851470478050903
ID_0,8,10.221845179419732,3.2735096338665457,25.5732288454382
ID_0,9,8.79872262016239,4.562459375310085,21.429980582822285
ID_1,0,9.973005550524132,3.41343360656615,32.31269727518116
ID_1,1,7.5583127000579555,5.313295392507133,24.38855353474614
ID_1,2,7.3436279022031385,5.295291853803685,26.77906587280186
ID_1,3,10.34273656237994,4.826527576417639,30.6131700093912
ID_1,4,7.042956019265145,3.920233687407937,26.228999230556273
ID_1,5,12.11424445243783,5.515427434352692,31.25737549835654
ID_1,6,10.648167938789591,4.422376579375525,31.018819566922698
ID_1,7,11.223352577681736,6.546499283743927,31.79050048118835
ID_1,8,8.321564953554724,4.5361814362231785,28.446056635301794
ID_1,9,11.951090254244718,4.281238643232065,33.5773764126623
ID_2,0,7.607586751838658,6.218788733591297,12.260914299425632
ID_2,1,9.855979756839332,6.5052993468380365,14.40969131280606
ID_2,2,8.709760490789751,5.5420934082626205,14.637327706010357
ID_2,3,9.928347921780096,7.346965483721009,10.86352952157345
ID_2,4,11.643805008750448,5.130570602357257,17.53056881074386
ID_2,5,10.183521553071005,2.0186466280986606,17.909018269259924
ID_2,6,10.714225143023492,7.2168410671122745,14.24791977254163
ID_2,7,8.383012794213625,4.247364434623195,14.560354891293814
ID_2,8,10.657502219319369,4.205359694349442,17.603558136582713
ID_2,9,10.194155098696081,6.452967485799334,13.895130695497162
ID_3,0,9.215783693735684,2.804727577801822,20.237703022437803
ID_3,1,10.522110544359778,5.0076701849636915,19.904131802204727
ID_3,2,7.1692585158991715,4.369032015851961,15.277636911651577
ID_3,3,8.395445461556761,4.758071432500986,17.55245117016005
ID_3,4,13.77237180242106,5.261866719247759,25.068303985967304
ID_3,5,9.851108168467666,2.1218431770514377,21.41436310262229
ID_3,6,10.120460419882052,8.69486316872793,16.39412839707077
ID_3,7,10.603094684667225,4.947932345442135,19.139307380038755
ID_3,8,12.285645629030041,6.127899549030161,22.678870018375136
ID_3,9,8.181225090410521,7.104191466404149,13.548322666711341
ID_4,0,14.380911251619956,3.5141955123039677,31.127998206985342
ID_4,1,10.199302730175283,4.244786518825701,23.28674691813758
ID_4,2,10.137125949612054,3.4065444294108427,25.888331280525943
ID_4,3,8.161151531532393,7.32490160752631,18.532838187942655
ID_4,4,9.35587696758865,6.220275826054505,20.761015943106766
ID_4,5,10.45491986920826,6.960714131423642,21.4406107331136
ID_4,6,10.36926771706461,5.389824191372635,24.95815056327747
ID_4,7,7.526098578243836,3.0193150803735858,22.32992283768514
ID_4,8,10.593969346466372,5.375739275518815,24.871096277782833
ID_4,9,8.639950556843019,5.348380545741505,21.908579340971357
ID_5,0,13.731549022289514,5.710749381367681,21.265663441005636
ID_5,1,11.31310721726766,3.537977494659018,21.35460634378489
ID_5,2,12.317191158014808,3.7689765224724345,22.852224558156745
ID_5,3,10.825561853872996,6.233090239991735,19.576906481338213
ID_5,4,9.509223767994259,3.8693957534637655,16.70704752946301
ID_5,5,8.368379430069123,4.884347435878844,15.41448608108541
ID_5,6,10.553381598660039,6.240774873554035,17.278697300892894
ID_5,7,12.907068154314633,4.603014750143066,24.82660250781528
ID_5,8,11.251334695530012,3.7142636653755763,19.262941522801604
ID_5,9,10.96494483048637,4.664805822011224,19.857815992080823
ID_6,0,9.854342174686254,3.7298094228973926,22.649006621893324
ID_6,1,9.106970095865957,6.284598191485209,21.213058457608696
ID_6,2,7.508522442576024,5.259771388776773,19.806472055439176
ID_6,3,8.232285127597734,5.230587658918292,20.588354405575693
ID_6,4,7.714059404338753,5.536681040522425,20.068716923326146
ID_6,5,12.166102486350553,6.5807030780523545,23.973110021994582
ID_6,6,8.124349920169754,5.77255290081299,20.448456633384172
ID_6,7,11.030095372612095,10.779097235982082,20.858943903693373
ID_6,8,12.271131280361198,6.431002645239803,26.27947417852348
ID_6,9,9.369461510719308,6.138453830739901,20.73679210981719
ID_7,0,9.029272904341793,5.122811209079484,20.576225922222566
ID_7,1,6.265469614816503,6.02939028556177,11.777883288885642
ID_7,2,9.056136268421133,6.633425895451049,17.15765067166628
ID_7,3,7.844510444141388,3.9270444361100476,18.12063483255867
ID_7,4,8.539266736565727,5.324687884372962,17.410628603553988
ID_7,5,8.696799304788366,8.215916133987989,15.922292038610124
ID_7,6,5.949714826684786,5.279681472154142,12.854947563835433
ID_7,7,11.704866669592448,3.811218892350949,23.20949541534097
ID_7,8,11.009974557960915,6.298632791255182,19.091666163181404
ID_7,9,9.330997528318104,4.287582033258566,18.729008399596545
ID_8,0,10.80996342192191,3.1086740684974323,33.473139026545184
ID_8,1,14.244312394025266,6.548697890826721,33.435411513827994
ID_8,2,9.031531854267497,6.900366723779934,26.146606138164
ID_8,3,10.887638856292456,6.161951080144005,29.302238150150885
ID_8,4,9.8809492878764,0.13809898989639113,32.51382829996868
ID_8,5,9.49486369721368,3.1283252270527258,32.19931786951546
ID_8,6,7.139717244078735,4.339933269954525,26.195641028846058
ID_8,7,12.882546578132231,2.8462067732308407,37.03728940217412
ID_8,8,10.020466122039174,3.527737023428074,31.497884239985055
ID_8,9,10.39811939114694,4.099674684261808,31.21451262570647
ID_9,0,10.227034690502496,5.99319601178157,20.20544405816504
ID_9,1,7.524369002346302,8.1995500619844,10.84825767010063
ID_9,2,9.696429809928834,5.882475809726865,18.19308795053799
ID_9,3,8.754600960358813,4.687816624464087,16.962079221999314
ID_9,4,8.821270486111576,6.274403145531537,16.64283071439838
ID_9,5,8.614180809478691,6.349399813149876,16.222482900265945
ID_9,6,11.62572423767792,5.944443262885418,19.927468750977674
ID_9,7,8.879637919606061,6.120940407684893,17.10650683438584
ID_9,8,9.958196812071703,5.175991074963173,20.14759926961664
ID_9,9,8.81685722232834,5.820646071755057,16.44000833934577
ID_10,0,12.19755370397438,6.238124523482044,23.030934557040474
ID_10,1,12.610957614308658,5.031505762449139,24.48477876666254
ID_10,2,9.379466486813088,5.486249528732663,18.461651036729716
ID_10,3,10.193991929985437,5.89273553815537,18.670172765084285
ID_10,4,14.184774551370921,3.490973927750447,26.18178805593219
ID_10,5,12.316221747000135,6.1874940409444035,23.060051188660733
ID_10,6,11.25669101852856,4.981629840729628,20.914072267587205
ID_10,7,10.151609116387453,3.9842574327318325,21.926721445677362
ID_10,8,9.705885236995723,3.7617542048112327,20.139632633855506
ID_10,9,10.82586290855125,4.1544131707940375,21.00463741448911
ID_11,0,10.489933142217446,4.239585236943306,23.090629275612763
ID_11,1,10.464099874715272,2.827873487754014,23.2448233049527
ID_11,2,8.563111557495128,4.6798292724322295,20.63014754135448
ID_11,3,12.950712433899104,6.286489434803029,25.45537463050237
ID_11,4,9.961967584194623,3.4962059530432867,23.345909535324473
ID_11,5,9.422682722159724,5.484077840507134,20.137966924741118
ID_11,6,11.038693028482344,7.299108369503866,21.828428756123127
ID_11,7,10.803423444197882,6.035215987566668,22.19417796181721
ID_11,8,10.448184963620834,5.0188886011726925,22.97327872050149
ID_11,9,8.453980432289066,5.036765261388414,20.36799278802788
ID_12,0,11.918541652170413,8.229773686267334,27.782364005328915
ID_12,1,11.744641273441356,5.2750130086075275,32.842472475468895
ID_12,2,8.383403429289697,3.740417236728836,26.239096748082662
ID_12,3,5.752208551380386,4.211367467478858,21.755804230509007
ID_12,4,10.300787572952416,5.512633963665739,30.17296306668713
ID_12,5,11.9008476763721,4.134644516506396,30.900859268979882
ID_12,6,10.983838343013012,3.019650189469037,33.14721416777385
ID_12,7,12.358880241442574,4.296236521842943,30.643914654573834
ID_12,8,12.707744748330827,4.828190232121073,33.69259928774805
ID_12,9,6.811144682411266,4.1009374655693405,24.19692878985482
ID_13,0,9.099869057041513,5.934274898521248,18.069666206186387
ID_13,1,9.715241029957413,5.180443447567848,21.1778485897643
ID_13,2,11.42322975617778,3.3130368622431963,23.1852039425602
ID_13,3,12.555353643797018,5.498471017969387,23.920670083587176
ID_13,4,13.102303951045046,5.173511951439288,26.92884651830368
ID_13,5,10.135036962820218,8.09112188732298,20.719901745638857
ID_13,6,9.502071703041853,6.4573564264315335,19.967501331826412
ID_13,7,12.737263115064698,3.5526148091298433,27.18475725411532
ID_13,8,12.116848973699176,2.3618907703653287,25.33740530041444
ID_13,9,5.921535644479799,4.595889748333163,16.15803689267284
ID_14,0,10.148189560839551,7.442923318356938,25.39962948883902
ID_14,1,6.593235121289691,4.916678451655072,23.852360630029924
ID_14,2,9.934610503811815,1.898836849940185,30.805511496732926
ID_14,3,7.391060998990294,6.004508823245057,24.16136794646638
ID_14,4,8.120240427345289,4.22919962399496,25.249572680413152
ID_14,5,9.874641805453656,6.432713480751858,26.191851137723596
ID_14,6,11.008093031035688,4.204613572441339,29.86736111681826
ID_14,7,9.785939280090885,3.447136516370939,28.879335662172526
ID_14,8,7.6042442148223035,7.947087699374584,22.595744975185657
ID_14,9,8.600548984014829,5.320969866101333,26.043504793930484
ID_15,0,11.22833340008685,6.136261565070957,20.29814170279687
ID_15,1,8.84836351871064,4.587422454272534,16.195838152246232
ID_15,2,6.969617875602896,7.050311401166787,15.354297408306088
ID_15,3,9.501927920887244,5.864835444583649,18.767425682541372
ID_15,4,16.157761616910477,6.679362367151866,27.660386942497343
ID_15,5,8.088919118799149,2.5903305196136412,19.15972990070892
ID_15,6,8.487298509431394,2.866619435603489,18.686231333755657
ID_15,7,7.83690399277121,7.530712452608848,15.507577786353075
ID_15,8,9.984054717366766,7.219916208335039,18.172669419363622
ID_15,9,8.277431597343472,7.284686115904486,16.022460549310164
ID_16,0,9.619322643832783,3.686572619922864,14.910695367214267
ID_16,1,11.852355095063283,7.864124960705196,14.902434328579345
ID_16,2,11.125938473381142,4.024036146317259,17.79632263762093
ID_16,3,8.815212151522262,3.704013845480276,15.121898007211719
ID_16,4,8.338099767177924,5.405685238669758,12.946132578749662
ID_16,5,9.52210390626718,3.6386545069376033,15.609230151650076
ID_16,6,11.510782451651512,5.751375781436571,16.501287035897178
ID_16,7,10.19866461085845,6.127080685057684,13.540696315487875
ID_16,8,11.08672038475987,4.00606436158123,18.809596984835697
ID_16,9,8.473481686914965,2.2926768490032217,14.062307841654427
ID_17,0,10.519445003442964,3.6435250623433872,23.74336464737402
ID_17,1,6.67695987546208,4.900880302029025,15.124144105114352
ID_17,2,8.696327784395681,5.071098006974621,18.367624639036784
ID_17,3,9.23088891154035,6.509439213821661,18.302314860036955
ID_17,4,11.671384224130284,3.305439718013573,25.632953473006758
ID_17,5,12.8831372413158,1.292533249809066,27.73420873996288
ID_17,6,11.15414425436108,4.695431920935511,23.58644145147143
ID_17,7,8.79202962656836,5.12988468120935,19.16888419279989
ID_17,8,12.335564123319614,5.38163126495182,24.776068568400074
ID_17,9,9.176246067755065,4.26859066389126,20.157363116006877
ID_18,0,9.158031038359475,5.434662285344619,23.43697823980044
ID_18,1,11.742249406863385,4.510964701748239,27.178076982951914
ID_18,2,9.183849253956897,1.9428131972332192,23.185697724122853
ID_18,3,6.258416157948289,4.472729773938037,17.80011950885304
ID_18,4,13.352874624550566,5.490391060646244,27.39015927139148
ID_18,5,11.658811162366979,1.6832970364881723,28.34945438435998
ID_18,6,11.541730387773933,2.782120631330238,28.202913831695128
ID_18,7,10.676992814988829,4.377068129148798,25.118877297161973
ID_18,8,14.541385715608792,5.272799382587743,29.814320365534815
ID_18,9,9.081278200919511,3.7252334458028122,23.444327073172744
ID_19,0,10.143132474438785,4.283513829852325,17.98644834397837
ID_19,1,10.667324210573897,6.556309916386849,15.965502854352282
ID_19,2,9.460250129413257,3.531854426326539,16.640179263438206
ID_19,3,10.754600986089704,6.135482924968028,16.02093068543817
ID_19,4,11.73921184021132,7.033456788207427,18.115068103430406
ID_19,5,13.753591625116131,3.8393162013446407,22.033860643742727
ID_19,6,6.442559502191443,7.2440664672337745,10.242532606309867
ID_19,7,9.88883065817909,5.419952939479731,15.091375458842137
ID_19,8,14.891503959233653,5.193831772962842,24.01116618554076
ID_19,9,11.451533247797384,5.7215138476050695,18.54355368834681
ID_20,0,10.942936714271992,7.82303674471255,17.549023444566366
ID_20,1,13.186373253278795,4.233176485353222,21.451041594150475
ID_20,2,9.748426159800704,5.083587368433042,17.69758858619901
ID_20,3,6.615070740570362,7.2943254791909204,9.97676555169726
ID_20,4,9.14623786010516,3.4818434371097484,15.326653091377612
ID_20,5,11.64634116792383,5.109976950782606,18.139197014292044
ID_20,6,7.409842455872768,4.4963229510648075,15.23435457102014
ID_20,7,9.48081729727279,2.7452855703228405,17.82688214833841
ID_20,8,9.45455286050466,0.9546700355876425,19.411426118542504
ID_20,9,9.538130939582643,6.044309547220127,17.36833258931665
ID_21,0,9.462222618890339,3.3402111368874947,29.727349969814163
ID_21,1,10.118436868028976,5.0208939378694195,26.76964021237671
ID_21,2,10.396169521535711,4.783459382114086,26.826649917470846
ID_21,3,8.906282117519215,4.950870094676002,24.488127477143042
ID_21,4,8.57430843464567,5.159645341537845,24.111594309056162
ID_21,5,13.007985977165376,1.023545287410482,35.41747473548092
ID_21,6,12.492170384995259,1.8899146513877758,32.5164614100411
ID_21,7,9.257118268008417,2.8887324579232683,26.429699895821923
ID_21,8,7.7788483090683425,7.628405665135434,22.134051472380413
ID_21,9,12.543110189988317,6.082508096064853,28.45243218465215
ID_22,0,10.978749122455836,3.166808286662082,22.025074153127605
ID_22,1,9.51934920368373,4.437768788675604,18.817167411389736
ID_22,2,10.88852662297208,4.45855075127138,21.302677805406393
ID_22,3,7.837873344800205,5.923903410416395,14.988187215436707
ID_22,4,9.380907121372019,5.489199533363177,15.806286147583315
ID_22,5,11.848054038413801,4.722646795335517,20.848639269434383
ID_22,6,12.098018451673779,3.943484464185861,20.961177478399552
ID_22,7,6.8867416529521925,5.909014927018459,11.699869853918367
ID_22,8,13.50958836396873,1.877105888174417,27.836552872304733
ID_22,9,10.422034934405238,4.854930332194411,18.581587717644506
ID_23,0,9.924730595150303,6.654952823024783,21.673041854728023
ID_23,1,10.300603522923755,4.454581681679216,23.825974887081546
ID_23,2,10.615603537784118,2.4347474110150618,24.623102527518768
ID_23,3,11.48652818804543,5.256298157191913,24.83645099172229
ID_23,4,10.036867866130786,5.521372558042507,22.094124644213164
ID_23,5,8.443390549195374,5.293767882646522,19.447379311821166
ID_23,6,10.816505511428943,2.4461245936432396,27.29269480131482
ID_23,7,10.945194964826086,5.384044601470814,25.088928321768346
ID_23,8,13.330948888925153,6.521555097527195,24.93398559579468
ID_23,9,7.4408460665285965,4.062772133456482,19.9328230149989
ID_24,0,8.548512373693068,5.280150146715617,20.431560613159405
ID_24,1,8.776964394016103,2.8900083547276667,22.51850176347673
ID_24,2,7.296630788767333,3.536190120534001,21.757930985677252
ID_24,3,8.101202222336115,8.948573097256086,18.074557858925807
ID_24,4,10.369672247389747,3.71246332972818,25.87314268905668
ID_24,5,8.848724347524453,5.183014721968042,24.27505438432666
ID_24,6,9.8078802005507,6.723909989428513,21.21781098650297
ID_24,7,9.930023019006077,7.656200953453265,20.73140181030435
ID_24,8,13.624897115993857,6.061627903183213,27.613871677895563
ID_24,9,11.264815478111041,6.458831674440095,24.940262942177295
ID_25,0,8.545725648350263,4.628722046672743,11.190053806634872
ID_25,1,11.241344195101355,5.2665515013998805,13.462307133369745
ID_25,2,10.760395702011927,5.915878617925735,14.11655750715606
ID_25,3,12.161561451109243,6.250883231823356,15.849692070981334
ID_25,4,9.859668577082706,2.5085585997260136,15.36115060552355
ID_25,5,10.415375374326223,5.4073682557930605,12.169296281582291
ID_25,6,7.837886919183475,6.579729279999356,8.60236820146679
ID_25,7,11.363001394745249,5.042477564195689,15.189152580804782
ID_25,8,11.876567611951995,4.225932907673939,16.67910226927754
ID_25,9,9.075449422589914,4.348255658851526,11.974273883882729
ID_26,0,9.042502756673045,6.883634188360281,18.272908340270405
ID_26,1,9.626256711677282,4.340403412588738,23.524709079967227
ID_26,2,10.39310955302315,6.547766809202952,19.976559367303953
ID_26,3,10.534100531738517,6.334446193435156,21.926546690303642
ID_26,4,12.130960750130702,4.224067324849441,27.337203563670645
ID_26,5,14.5977962472385,4.455742159340511,28.997266980153135
ID_26,6,12.906768954235401,7.369358218596068,24.05247568749154
ID_26,7,9.159626365808284,4.577323086709239,19.843799426479322
ID_26,8,8.162696107031604,3.493788849871898,19.79188437371432
ID_26,9,9.930630225226437,5.35132209880478,23.276057009778473
ID_27,0,11.968644796953168,4.6790167336617365,19.168519895153974
ID_27,1,11.349638984333208,3.315916967656552,19.762364444864666
ID_27,2,10.332904416426112,5.738676896012223,16.205813548043256
ID_27,3,14.91060027982179,4.043390023623026,23.60842124213849
ID_27,4,8.753718947150471,4.166784321259618,14.16799363271754
ID_27,5,12.378033062215103,7.130756371984782,17.299927998291395
ID_27,6,8.335288853791543,5.707123334579606,12.393241365048702
ID_27,7,11.265863635511023,5.304384531276949,16.147773509553783
ID_27,8,13.095010402660122,7.693816509643282,17.882903502097218
ID_27,9,9.224596880128033,5.428798086087358,14.836543437615234
ID_28,0,14.0204090775327,4.734579158758926,29.737374408117606
ID_28,1,7.241361543970946,3.9036049400871216,20.998752754377076
ID_28,2,13.589115727035576,4.223583051445743,30.521316464399817
ID_28,3,9.967154207854495,6.782589910172126,25.344313172881815
ID_28,4,8.938262454159359,4.265840836222667,24.331603252694126
ID_28,5,11.363782979252623,7.77006098860405,24.706275226685808
ID_28,6,9.28141581842588,5.885982246038464,23.614762874755108
ID_28,7,11.640964362394728,5.760911046660947,27.21211375921664
ID_28,8,12.338591180891346,7.07323848655629,26.790727233045782
ID_28,9,9.665763839366292,5.220070529649984,24.821819665201957
ID_29,0,10.737346617745802,4.409991781508959,18.522092969410174
ID_29,1,12.556903725214598,5.286648602029855,20.56779489941798
ID_29,2,7.280287718040162,6.119380349040831,12.585733124032473
ID_29,3,14.32650944661092,4.538332647570499,23.99357002458774
ID_29,4,10.498767367421511,7.366179919645211,15.675233228092967
ID_29,5,10.558043051540679,5.911844764574809,17.20951953387135
ID_29,6,9.107132770898943,5.291134989347461,16.416744559794036
ID_29,7,7.9469694011778795,5.199454511220314,12.976091322915211
ID_29,8,12.390093257849685,2.715219642824338,21.76936397030729
ID_29,9,10.754423750129043,7.348286043851511,16.102578174103186
ID_30,0,13.76231413888118,2.827979149375634,23.40628429873519
ID_30,1,10.880028900106664,4.246918663471083,19.125277968786424
ID_30,2,11.416712894598707,5.365701070656798,19.492432221169903
ID_30,3,7.439391202658211,6.308685992420217,13.98634155454381
ID_30,4,9.801648272441234,7.769955494071499,14.640425613612509
ID_30,5,6.948949658150522,3.962137895178133,14.432130521261788
ID_30,6,10.486678898645383,4.638145913215506,19.595559380443976
ID_30,7,7.496921151619111,7.16564690610989,12.654715390682192
ID_30,8,12.234591663176255,5.5140880195665565,21.62137266479893
ID_30,9,11.139534560464407,5.671562840025972,20.038776695077384
ID_31,0,10.39304233940294,6.063505636382769,27.29478595637313
ID_31,1,12.880234430898945,3.9854115469110956,34.578725492392515
ID_31,2,9.919684098711313,2.8538373468229277,29.370323336181574
ID_31,3,8.637896685050238,6.260965323483086,23.941211440148656
ID_31,4,9.10763313357044,2.1656889035817035,28.12235490890338
ID_31,5,5.152241346742087,2.624145764771415,23.035222715102456
ID_31,6,11.571600317301664,5.6381863426774474,28.52563790934348
ID_31,7,9.904577287716041,4.994596191364147,26.34858693995236
ID_31,8,13.006796603534301,6.316043435863507,30.88215863344314
ID_31,9,10.053771677989062,5.312574211921329,25.434625929684394
ID_32,0,8.636031504004404,3.497569985157627,18.639004062391564
ID_32,1,13.595373053699046,5.961264291900514,23.81698224464237
ID_32,2,11.145165562712318,7.099033154879003,20.727268590475056
ID_32,3,10.119260739840348,4.029594833441639,21.417551644017813
ID_32,4,10.7869707708435,6.342789830041599,20.505509181310956
ID_32,5,12.09910543063867,4.197147182659148,24.87244755286202
ID_32,6,10.3951992093848,8.112891308937899,17.177411036234325
ID_32,7,13.4719276063305,5.296866175193972,24.08309355312314
ID_32,8,9.032228331891357,4.519479037708519,19.121038301469152
ID_32,9,11.045670976071,4.139449994092131,21.996704963968824
ID_33,0,13.455086340201422,5.654485504511048,36.408396377920816
ID_33,1,10.240062653436523,5.920276959095625,30.312431640739195
ID_33,2,9.48524692515331,2.497123889183615,33.340746192047675
ID_33,3,11.294391879405483,4.275220306550939,35.80675013021682
ID_33,4,7.548468673995318,2.80343767968527,30.01575647886405
ID_33,5,12.094196605224308,7.525891537186803,32.373049208277386
ID_33,6,12.157361666862592,4.9422372957489396,34.820977156813235
ID_33,7,11.767319874973344,5.978484317620129,32.00315199443898
ID_33,8,12.953080699451792,7.0701370312211775,33.85930051575053
ID_33,9,10.791607066874818,5.7410452794241085,32.566599935656164
ID_34,0,8.656753264123896,4.961668893512832,17.436998031407843
ID_34,1,11.087200309188864,4.444078501870841,21.095710603707865
ID_34,2,4.302914758739849,6.723148550558156,6.584613749658049
ID_34,3,9.275118117193736,3.320495158060784,17.21007380439397
ID_34,4,12.321653574757038,4.298448198032163,22.638699916213444
ID_34,5,9.906158842241632,5.715561240834682,17.61208539252786
ID_34,6,7.434015551622861,6.49440022917071,12.71022079170931
ID_34,7,6.886836202680498,4.357827258551131,15.593226518587054
ID_34,8,11.700443484226986,4.477021798388211,20.868264314084378
ID_34,9,9.356729897565234,8.11512197534126,15.173406949079299
ID_35,0,12.060566908063684,5.35818373853977,25.695469461398357
ID_35,1,9.607300301830044,4.892598110878904,22.609857963487453
ID_35,2,11.45525908727396,5.077918828710949,26.00340188111311
ID_35,3,9.838566839782835,5.117952785474136,20.815495582718185
ID_35,4,11.832655349404963,5.519732713846989,26.481415198844854
ID_35,5,4.207489243612621,8.132562057171091,11.815802827482235
ID_35,6,12.216365633475032,3.440141109311704,28.3354177037811
ID_35,7,7.893168873652687,4.064346558956292,22.65251565313613
ID_35,8,9.618635198473307,5.326149309769584,23.187309316538396
ID_35,9,10.991363775945208,5.225628357715364,24.82171221616709
ID_36,0,9.884762405932829,5.301648570072452,33.65355707504027
ID_36,1,12.211051865915968,6.78054545834057,35.547949580422056
ID_36,2,7.713990174539033,7.450147298451644,26.481599956219917
ID_36,3,10.605270930478067,3.8685862249709633,34.76597699533871
ID_36,4,10.657524820606962,5.482035823175409,34.03965725279678
ID_36,5,13.227422538117294,5.68030145227097,37.069813936259884
ID_36,6,11.928174336576715,6.784205733386961,33.25436702920989
ID_36,7,11.194800139699716,6.051759113466347,33.67030734160789
ID_36,8,12.75141362662324,4.77491661945121,37.44984152403681
ID_36,9,9.65385635143226,5.023368571372202,31.3828925093468
ID_37,0,13.189010126449944,3.729557977522508,18.60822204522913
ID_37,1,5.69321977279257,4.041557378465747,6.783239550037288
ID_37,2,13.284030320272738,6.514725634013951,16.82586021504875
ID_37,3,14.504871610688618,6.472648230487391,19.054103035162917
ID_37,4,5.001188570252855,8.436413858886112,2.162824888535325
ID_37,5,6.709202506086216,6.533855648014461,10.076217234085558
ID_37,6,12.768545637021036,5.84586368007854,17.870627440162536
ID_37,7,11.706831117560615,6.138392884680147,15.730469379594709
ID_37,8,10.208402207903752,4.9061103081507165,13.433496063496907
ID_37,9,9.438649846266452,2.460564778706922,14.89092890666792
ID_38,0,7.792821365568457,5.269841226730217,13.922405817558523
ID_38,1,11.836633212004626,2.6442490945652337,19.706966870029824
ID_38,2,11.881542375976432,3.5262689096925355,19.833709750459008
ID_38,3,11.100104198049104,3.547483317704547,18.97458961330139
ID_38,4,7.331949010163591,4.097948534073179,13.09639108637479
ID_38,5,6.814012532936662,5.660712106940599,10.729855779171245
ID_38,6,11.104979908834295,5.335871201096992,18.809957796593103
ID_38,7,10.250449005295815,4.355891688312121,17.07030212457172
ID_38,8,11.086596058072777,5.073290105488557,17.66889815816761
ID_38,9,8.59601662438649,4.0056486236735775,13.343945230086593
ID_39,0,7.512273529217429,3.960642203306139,26.12937298154673
ID_39,1,11.789848753888883,4.557575482561958,34.03433853339219
ID_39,2,8.653018751512263,5.418491243335703,26.557271795274776
ID_39,3,14.290298255546777,3.218602371455731,37.91826991231731
ID_39,4,11.267553761864196,5.620698646177248,30.967367782911488
ID_39,5,9.740358600533147,5.065717207968665,29.158845848730994
ID_39,6,11.92775823358982,8.315784502387027,29.429401679401977
ID_39,7,7.2603940408418435,4.8675769274731175,28.324122572873286
ID_39,8,8.392650864060538,7.458675208166101,27.047620659569066
ID_39,9,8.892823516584011,5.853474618777913,29.032735918916924
ID_40,0,9.592839279795276,4.127478629077034,18.176880580800983
ID_40,1,8.701444909867986,3.164089599856615,18.659340448238474
ID_40,2,8.460053537882716,5.350678867686121,14.958002861534116
ID_40,3,10.661760464428914,6.250293442413387,17.10303159520377
ID_40,4,10.748113139695144,6.841503488709939,17.543687194946127
ID_40,5,13.345144773675408,5.6285285140490675,22.914243788578013
ID_40,6,9.888461844684588,5.837490368782584,18.34306715847579
ID_40,7,11.077511984892737,3.6189896103809507,21.99479840813299
ID_40,8,7.17257100619004,4.833160907976949,14.092781436501275
ID_40,9,8.528940114820466,6.854139762815656,16.50576977763501
ID_41,0,7.815374470654842,4.525387325457797,22.36154015013109
ID_41,1,10.28343382727981,8.478994309972542,22.080963736871936
ID_41,2,10.384098232980064,4.536325303696248,25.126318615831263
ID_41,3,9.695060327238913,6.062163015032886,23.69525300016253
ID_41,4,8.4280210789841,3.003150569663333,21.44899639417807
ID_41,5,11.015982653825088,3.3449500907391894,24.740813919729682
ID_41,6,10.777157209061928,8.739499276149186,22.213756085669534
ID_41,7,11.676981548903283,5.122744037821348,26.364078044442586
ID_41,8,11.838152965975537,4.564588183717023,27.418641820597472
ID_41,9,10.643395612392027,3.997864319535427,26.804534917032104
ID_42,0,8.48850968101431,5.804764765355605,16.3156859439689
ID_42,1,10.056362314738257,4.986321505033695,21.306583050434963
ID_42,2,10.949396465759905,4.962459561882284,22.397094564857277
ID_42,3,12.780415098034627,5.8367154595277935,23.636804115796046
ID_42,4,7.376327535299681,3.402329505386941,17.162604210808258
ID_42,5,8.780975595681433,4.719543045521831,18.57768009852475
ID_42,6,11.059385508713461,4.894251832911364,22.28537965709026
ID_42,7,10.12894882962024,2.036800150469193,21.749848946759208
ID_42,8,9.71182488855677,3.1854578857383387,21.744500970763642
ID_42,9,13.061501664687395,6.828142777545975,23.041496620587058
ID_43,0,10.297334914404223,4.494371043322941,28.690733557656802
ID_43,1,9.395060627023744,4.417734772188157,28.182450029410333
ID_43,2,10.32114796209973,5.004569030230122,29.368635572961605
ID_43,3,12.381292549572683,6.4243312031619855,29.401206577629292
ID_43,4,4.89215773019609,6.40147986685891,18.303804687641346
ID_43,5,9.550469196214634,3.244830460910961,27.38148967226292
ID_43,6,11.082925456409576,6.13873274045397,28.590522275774227
ID_43,7,4.81791541571018,4.180633327621276,21.727801151120556
ID_43,8,7.042176862451743,5.275039879668733,23.78155422501939
ID_43,9,11.158582999202176,5.17937055262123,29.074939800074482
ID_44,0,9.68294085394606,4.959043190735102,25.606766277580274
ID_44,1,9.11343549761698,3.6727959289596486,26.54182795165678
ID_44,2,13.423416960284687,2.9421482856029657,32.15070292239037
ID_44,3,12.942340654987216,4.686014484272201,30.978484164725604
ID_44,4,12.079809374792152,4.091576690394704,32.655319931741865
ID_44,5,11.355851742678539,4.268132887781446,31.759437025380606
ID_44,6,8.788570153993323,6.113143058013961,24.574490873307763
ID_44,7,12.603482578797596,7.342266795090279,29.046272089512396
ID_44,8,8.493164259307633,5.689958214408675,23.49292195600486
ID_44,9,14.026774495053246,5.204802996624106,32.49385530229093
ID_45,0,7.305747420940607,3.5425789422340226,20.248373414892658
ID_45,1,8.686211442057209,3.4296335259770907,21.74566462415597
ID_45,2,12.371408309325993,6.0784299659976,25.613817706321267
ID_45,3,8.486409822861079,2.8672839998872344,22.86052271566186
ID_45,4,9.354640322315728,4.623750475317429,22.584555774393248
ID_45,5,11.11246001880132,5.683831658122411,25.210028575929677
ID_45,6,8.712963539239714,6.391760192121856,18.936451809383716
ID_45,7,10.537184557726516,7.292702639618797,21.4028520105089
ID_45,8,11.076592158099267,6.608761005964704,21.886328232158792
ID_45,9,8.321580665321987,3.4327862089684498,18.69318697075676
ID_46,0,7.793583268556634,4.668119564621342,27.960101600950566
ID_46,1,10.614813395618201,6.223605818808945,32.084844576441505
ID_46,2,8.833845122862122,4.749317429320382,30.014929341026786
ID_46,3,9.502617747632906,7.411018364029989,29.097122531565233
ID_46,4,11.469755572099634,5.9943219030011194,33.86368534293549
ID_46,5,10.362043117407413,3.05475207806623,33.779986615112385
ID_46,6,8.697286212416342,4.207074977375365,30.547669005180925
ID_46,7,12.476566142867272,5.031907365104092,35.279191984518214
ID_46,8,13.404429889270476,5.361129769232853,38.70045978240144
ID_46,9,11.131019291263089,2.3588558612662736,35.843821518687754
ID_47,0,12.579505508165491,6.009772026904938,25.8287765811544
ID_47,1,7.551403527421268,4.686465114070963,18.63320467007972
ID_47,2,8.838953100390555,5.8828676066309145,22.127831994046396
ID_47,3,10.789343059645962,3.2061754069472235,25.9694688565452
ID_47,4,12.393262973291302,4.085325643520926,27.09340870286118
ID_47,5,10.029376389458394,3.82265253037664,24.540014918144024
ID_47,6,9.758103702784437,5.629298665860541,21.152016368100007
ID_47,7,9.12508339935318,6.083572036741657,20.35372624195856
ID_47,8,13.45392770246681,4.400545721578096,28.790931626603513
ID_47,9,11.86518166374618,2.8724514006004522,25.64479448757202
ID_48,0,12.525168206854364,4.172212781161329,20.37989979817026
ID_48,1,8.871504802685223,5.276826954795555,12.999624019908792
ID_48,2,14.012185776318246,8.092255364954596,18.12455903025636
ID_48,3,12.048125051622925,5.888790423801774,16.51123474170913
ID_48,4,8.897628567342933,3.772701674866539,12.69662548085974
ID_48,5,9.659630754950143,4.320157926009087,14.101425666224184
ID_48,6,11.910610417141022,5.132610329437771,17.609075870366105
ID_48,7,7.71662177173299,4.709510811080423,9.462220115281868
ID_48,8,6.26692676585388,4.875978971235951,7.7495778905582995
ID_48,9,13.026899486484261,5.946217526832166,16.13090681108098
ID_49,0,12.442067391050706,5.873146555202924,33.00856257523483
ID_49,1,8.08112152655304,4.4416898358934205,28.92754187248995
ID_49,2,13.769172611869218,7.3148652924082835,33.583480093761864
ID_49,3,7.760765133421978,5.211329370366806,24.97410766994761
ID_49,4,10.646335428369563,4.778596120551997,30.951052575915444
ID_49,5,6.810593865466409,5.770400159854574,24.337332662324982
ID_49,6,7.6601663285794235,0.691606680077526,30.179912075427417
ID_49,7,13.544503193339487,7.491888821821805,33.13661030763645
ID_49,8,8.79557587927644,5.703161384112535,26.902912104107283
ID_49,9,10.603583799638931,6.149120417577035,31.48347542095202
