Group,Score
A,64.96714153011233
A,58.61735698828815
A,66.47688538100692
A,75.23029856408026
A,57.658466252766644
A,57.6586304305082
A,75.79212815507391
A,67.67434729152909
A,55.30525614065048
A,65.42560043585965
A,55.365823071875376
A,55.34270246429743
A,62.41962271566034
A,40.867197553422024
A,42.75082167486967
A,54.377124707590276
A,49.87168879665576
A,63.142473325952736
A,50.91975924478789
A,45.87696298664709
A,74.65648768921554
A,57.74223699513465
A,60.67528204687924
A,45.75251813786543
A,54.556172754748175
A,61.10922589709866
A,48.49006422577697
A,63.75698018345672
A,53.99361310081195
A,57.083062502067236
A,53.98293387770603
A,78.52278184508938
A,59.86502775262066
A,49.422890710441
A,68.22544912103189
A,47.791563500289776
A,62.08863595004755
A,40.403298761202244
A,46.71813951101569
A,61.96861235869123
A,67.3846657999541
A,61.7136828118997
A,58.843517176117594
A,56.98896304410711
A,45.214780096325725
A,52.801557916052914
A,55.393612290402125
A,70.57122226218915
A,63.43618289568462
A,42.36959844637266
A,63.24083969394795
A,56.149177195836835
A,53.23077999694041
A,66.11676288840867
A,70.30999522495951
A,69.31280119116198
A,51.607824767773614
A,56.907876241487855
A,63.31263431403564
A,69.75545127122359
A,55.2082576215471
A,58.14341023336183
A,48.93665025993972
A,48.037933759193294
A,68.12525822394198
A,73.56240028570824
A,59.27989878419666
A,70.03532897892025
A,63.61636025047634
A,53.54880245394876
A,63.61395605508414
A,75.38036566465969
A,59.64173960890049
A,75.64643655814007
A,33.80254895910256
A,68.21902504375224
A,60.870470682381715
A,57.00992649534132
A,60.91760776535502
A,40.12431085399107
A,57.80328112162488
A,63.57112571511746
A,74.77894044741517
A,54.81729781726352
A,51.91506397106812
A,54.982429564154636
A,69.15402117702074
A,63.287511096596845
A,54.70239796232961
A,65.13267433113356
A,60.9707754934804
A,69.68644990532889
A,52.979469061226474
A,56.723378534022316
A,56.078918468678424
A,45.364850518678814
A,62.96120277064576
A,62.610552721798896
A,60.05113456642461
A,57.654128666248525
B,53.015551095395026
B,64.9522561268157
B,65.88742580167876
B,60.372672769340575
B,68.0645714600079
B,74.84861028177446
B,92.63423081452636
B,72.09493375398206
B,73.09060468867317
B,69.106649010806
B,46.9747454164115
B,69.68183349460939
B,70.72276251929232
B,99.55890534982343
B,67.69166842262653
B,73.61856810800334
B,69.58345876353708
B,55.97586354856561
B,83.71387377418024
B,79.02319639224129
B,79.49238336451657
B,59.087350542463135
B,86.8335317312332
B,53.17778724649263
B,77.04228512560324
B,96.28546750971974
B,58.11356409843174
B,63.204427244766734
B,71.1958163810517
B,63.95829215060561
B,51.392038827206406
B,70.82275569767233
B,57.252355435286745
B,75.68310916762218
B,58.96690918919436
B,88.59921286021049
B,60.600960491965154
B,66.1352618055319
B,79.76220660843603
B,55.22962820279254
B,72.72951921524955
B,85.68571305138914
B,50.71020118526527
B,72.21560630238766
B,73.11859353098109
B,79.38187446132773
B,55.15659146946302
B,54.154520642988686
B,76.26329878740277
B,73.56381607879823
B,73.00591420415051
B,74.1573785139637
B,61.83970334105811
B,72.78704436593205
B,73.51686967958418
B,61.427782983683585
B,92.38929413373708
B,75.68599505094144
B,55.70435803356822
B,77.87864330360595
B,58.30381995727214
B,79.44501524490943
B,83.90314694808885
B,60.151812179779476
B,81.56051355093186
B,74.95337112323799
B,79.86472191993388
B,92.76151579184737
B,67.05534260796556
B,60.95516602771013
B,59.32582684449372
B,60.21027658041474
B,69.07477948703075
B,74.09382369779972
B,73.32028959196023
B,79.92619898843229
B,70.15602270253488
B,87.4424089258878
B,66.82411800114453
B,102.64202999907542
B,77.50800817318007
B,59.71410932300461
B,57.14929002326665
B,75.78966898291823
B,67.31844657608978
B,78.5680059291051
B,75.67885149488254
B,69.12605304811753
B,59.83847538317914
B,51.82183330376962
B,64.64182057519575
B,80.27678553188167
B,72.56912492956245
B,55.051134655456146
B,72.07817111021419
B,74.62380855674604
B,59.393710765586405
B,71.84470127134634
B,70.698504621352
B,56.284356426032524
C,67.86229888278626
C,69.48627621094587
C,73.66440994540221
C,73.43041641627923
C,53.97864505634327
C,57.49739968067902
C,69.12028213766928
C,69.11028760729766
C,69.12038149044838
C,95.82185192523777
C,69.56712408554533
C,74.08452512144478
C,72.63201410794562
C,70.21113001044638
C,62.47784604287723
C,71.07175376394613
C,58.817398283699426
C,63.10545114607993
C,61.11709161736717
C,65.65499311509058
C,83.51726853338806
C,50.06187845926601
C,70.4900815229961
C,52.09827303048279
C,61.22454507368453
C,73.71160477573893
C,65.5142401527637
C,56.37804177656555
C,59.27757032592025
C,70.4367819914774
C,59.15706694626291
C,66.7316687166558
C,65.3645747192305
C,59.78719721915346
C,82.1515527146026
C,70.07135217854409
C,48.798859306739146
C,66.49163451815542
C,59.70570828185289
C,71.81946667836979
C,58.6598340925384
C,64.0821084682648
C,69.03989823184365
C,71.92604155336097
C,55.39762874355379
C,62.323990113272416
C,61.20043751071235
C,59.77336613941031
C,79.12363392224877
C,68.23985368768764
C,54.91292836531964
C,72.34289557643821
C,81.97724957610106
C,73.25972208440918
C,52.845040272367896
C,61.12612741706999
C,75.13528919349298
C,59.33864427504975
C,68.55055542516983
C,71.19707242743469
C,57.58455622737534
C,64.5237971515056
C,39.06986127944742
C,56.80489886932568
C,62.97945478885472
C,55.017734544281204
C,78.05929043145308
C,53.55886897631494
C,61.47964410642413
C,66.04592461828874
C,76.53018631252893
C,53.51310279056449
C,74.30531001723968
C,65.0818644881567
C,57.14793079161639
C,68.69682779410617
C,66.59247756458777
C,60.19826498272964
C,65.55841667992016
C,61.91749122510592
C,65.90813876200998
C,70.29704539616837
C,77.68813452916282
C,55.097476009385204
C,82.06426699725013
C,49.38329760381998
C,63.785719239715334
C,69.70653765187662
C,67.24793494188026
C,60.01840384143525
C,63.335021997141794
C,61.05599252272933
C,60.285081944446304
C,71.7968167761682
C,67.85612388772037
C,59.456723237914765
C,72.19679900346601
C,67.45839616701288
C,71.50289695071169
C,70.0370307353889
