X,y,weights
11.490142459033699,35.13755814989141,0.2533542366911774
9.585207096486446,30.855980750923607,0.29624695437386717
11.943065614302078,39.27967527561096,0.24492277030272827
14.569089569224076,46.55550589437623,0.20530816581026703
9.297539875829992,23.712334240309268,0.3040195677100315
9.297589129152458,25.15920673407504,0.3040182020018537
14.737638446522174,44.37873481650852,0.20319869146138828
12.302304187458727,37.90887876071234,0.23862411684744228
8.591576842195144,28.06398748092885,0.32494191919442733
11.627680130757893,49.43506489313143,0.2507331412461033
8.609746921562614,58.28437940435006,0.32436737824092354
8.602810739289229,30.005526553667423,0.3245864615662069
10.725886814698102,35.361472399366995,0.26897873294198926
4.260159266026607,16.808602933237133,0.5624145826429894
4.825246502460901,16.449106087821786,0.5134593218506174
8.313137412277081,28.05515276743414,0.33400789303732803
6.961506638996728,20.403345631686822,0.3863312911373009
10.942741997785822,31.461012216945246,0.26435286713566675
7.275927773436367,21.88769662431735,0.3727479039399363
5.763088895994125,19.59021369274839,0.4486464332804481
14.396946306764661,52.14689958111581,0.2075083195073583
9.322671098540393,22.150675376769446,0.3033243134892876
10.202584614063772,32.950079928214535,0.28083770867206703
5.725755441359629,15.737825665354894,0.4509122023367928
8.366851826424451,24.496588435197946,0.33221978268426977
10.332767769129598,34.75195681046333,0.27779087015880166
6.547019267733091,21.525940935944934,0.4058267335707337
11.127094055037016,28.681212495224578,0.26054366701407633
8.198083930243586,23.378322017740647,0.33790345742520544
9.12491875062017,30.012478023657746,0.3088826344267942
8.19488016331181,-6.6735630142401305,0.33801323370490033
15.556834553526814,45.01053881835299,0.19353401440963747
9.959508325786198,60.05771867010043,0.28670937221374765
6.8268672131323,20.406851144287113,0.3924554114349668
12.467634736309567,45.260032425669976,0.23583290311266744
6.337469050086933,22.365864791636866,0.41645137605004295
10.626590785014265,24.097797204292156,0.2711513483253006
4.1209896283606735,15.626214117484771,0.5759383701131802
6.015441853304709,18.513430001442078,0.433908649515635
10.59058370760737,34.611005912610835,0.271947886479455
12.215399739986232,32.23795169409387,0.24011795043249848
10.514104843569912,30.865988595703,0.2736553534833191
9.653055152835279,30.847532538221998,0.29447131179412644
9.096688913232134,60.53725158307954,0.30969276343137164
5.564434028897718,16.30724581706096,0.460971776451409
7.840467374815874,23.647124011185248,0.3506138988667855
8.618083687120638,25.079801030703916,0.324104447718155
13.171366678656748,35.02018041512088,0.22464792036499356
11.030854868705385,39.3022051424684,0.26251842330391156
4.710879533911799,17.55203570639234,0.5226670616719309
10.972251908184385,27.649766881107908,0.26373564427940915
8.84475315875105,30.006292577058048,0.3171154219597417
7.969233999082124,31.057750891190395,0.34592856951938133
11.835028866522604,38.76958164527347,0.24688257301755032
13.092998567487854,31.00487879942664,0.225840713895045
12.793840357348596,34.88391982978651,0.23051289472751582
7.4823474303320845,27.183164964896203,0.36433798199379785
9.072362872446357,-4.598997807446633,0.3103942792216815
10.993790294210692,34.170162766060685,0.26328696852205374
12.926635381367078,40.7079290689338,0.22841529095757024
8.56247728646413,23.561681647665637,0.3258663040237216
9.443023070008548,58.409165203827854,0.30003838201973915
6.680995077981915,13.585386681292752,0.3993134167744909
6.411380127757988,18.54593492869636,0.4126410032229511
12.437577467182594,35.02525880765124,0.23633548183794922
14.068720085712469,34.28149492888182,0.21183675913331748
9.783969635258998,35.06756852908951,0.2911046378071377
13.010598693676073,31.229327382049856,0.22710860991447623
11.084908075142902,31.028892139305913,0.2614056225074757
8.064640736184627,25.543284864740727,0.3425370502998045
11.084186816525241,38.223706402749144,0.26142040905162245
14.614109699397908,34.522189075740116,0.2047404410198329
9.892521882670145,33.76487344414934,0.2883708764768421
14.693930967442018,41.785053116777064,0.20374153853548585
2.140764687730767,9.230803675543228,0.8754808749167503
12.465707513125672,38.12345454523535,0.23586506350076794
10.261141204714514,31.365156752907076,0.2794590061541082
9.102977948602396,25.81820813377994,0.30951191542638057
10.275282329606506,30.938277705651565,0.2791280832277542
4.037293256197321,14.43388914622309,0.5843893327461617
9.340984336487464,28.72732863701775,0.3028196780928284
11.07133771453524,35.208611316231284,0.2616841095024662
14.433682134224549,48.74483251876711,0.20703485213617362
8.445189345179058,22.35798973493722,0.329646044151384
7.574519191320437,29.84982533524749,0.36070406813129424
8.49472886924639,20.286041297582486,0.3280389314196512
12.746206353106222,36.20921809245295,0.23127473119067685
10.986253328979053,34.69881248616097,0.26344380067845535
8.410719388698883,-3.1237024693775517,0.3307736068678793
11.539802299340069,31.382407183252777,0.25240155729084635
10.29123264804412,29.981470145633303,0.2787557618278837
12.905934971598668,35.10954556057398,0.22873975533514415
7.893840718367943,23.04421396254658,0.34865653035853666
9.017013560206696,30.265597037912837,0.3120023496162663
8.823675540603528,28.182753237829285,0.31775258303997084
5.609455155603644,17.51112950092815,0.4581195057964628
10.888360831193728,5.609252429925192,0.26549789189242273
10.783165816539668,33.10566280847417,0.2677412196372674
10.015340369927383,32.887109222435704,0.28533909651754363
9.296238599874558,60.31136490381358,0.3040556542531352
5.753887773848757,17.539238651783016,0.44920273276801176
8.738064031703923,25.09660021958503,0.3203670935813209
8.971856450419692,29.81467121405562,0.313326699265213
7.593168192335144,25.678498839065554,0.35997762207312833
9.516142865001973,28.72023559924213,0.29807655436620417
11.212152570443616,33.483692874468126,0.2588228992086746
15.65855770363159,50.78714355595544,0.19239770072172227
10.523733438495517,59.14588602003622,0.2734392066361948
10.772651172168292,33.97328339437124,0.2679675345963768
9.776662252701499,28.747528523689585,0.29129052890296375
4.243686354102875,15.223244058139564,0.5639821042194406
9.92045837365235,33.620645366745975,0.2876756159732924
10.18069062982308,33.385427296005275,0.2813566983685861
17.38972633745586,53.125083644520295,0.1749194263894654
9.422917105656632,32.900457742620766,0.300582366459277
10.904642027000838,62.340818800577594,0.2651540435891468
9.89586469088427,32.10519251170259,0.2882875064513008
6.493965887141404,20.47532281958721,0.40846506828418216
13.42846844354506,40.039171575561916,0.22082169579776484
12.255799098060322,5.095924079465476,0.23942119087686603
12.37309584112914,36.34127969663652,0.23742092015320387
7.271837635615784,24.775538178759902,0.37291846830371445
14.208382932808298,36.624169153126445,0.20997309724585533
5.794446811623157,24.169578700383568,0.44676084113082987
11.76057128140081,30.349017775115545,0.24825160217057782
16.571366877429934,39.78509339891001,0.1827682422709595
7.028391024607935,25.591929818912494,0.3833595419014066
8.301106811191683,28.120101349267305,0.33441102375949305
10.298954095262923,32.9877795504126,0.27857587998600386
8.489573037651402,28.138420876894457,0.3282054609164177
5.3480097068016015,48.344252122561855,0.47519417231293204
10.205688924418082,27.31846542486469,0.28076427695919226
6.813088858821685,22.225563383414347,0.3930930936999349
11.420777291905544,30.89324844467218,0.2546970473290941
7.24172729729859,25.710343467443106,0.37417893133338903
14.64980321505262,40.90467083678231,0.20429255577322808
7.650240122991288,21.818276176186295,0.35777253208472937
9.033815451382972,56.55284359297677,0.31151244369734016
12.44055165210901,37.84897338311925,0.23628565589694675
6.307407050698134,19.419963284641113,0.41802138423607443
10.682379803812388,28.65985814738331,0.2699263737732152
13.921428262847284,40.94315647287155,0.21383840349997596
5.177550296316317,18.446857049194623,0.4870291738794518
10.553901575596912,29.526213838120473,0.27276418471322333
10.77964838274527,30.190313611243127,0.26781688556813665
12.34546861533193,36.83912607266018,0.23788903448681872
6.289147867365754,17.266662533237632,0.4189807742594304
6.0386301607471715,16.843097555246857,0.4326028455482765
11.565824696850694,31.06251965625919,0.2519051962144861
10.890954019699558,31.4232685389141,0.26544306573555965
10.75147855103763,33.03696496725776,0.2684244124139463
11.039344628490927,38.22212939830991,0.2623430166950745
7.959925835264528,27.37671649753903,0.34626305545442293
10.69676109148301,31.14868619042328,0.2696123921730428
10.879217419896044,32.12647100770617,0.26569138614181087
7.856945745920896,21.77805403448779,0.3500072439873335
15.59732353343427,43.89742565408194,0.1930801219589342
11.421498762735363,32.42034330119457,0.2546830074324348
6.426089508392054,21.848728557574777,0.41189098759782505
11.969660825901489,31.540034447274028,0.24444509235716222
7.075954989318036,24.052022498004604,0.3812738860833035
12.361253811227357,42.353476403560556,0.23762134512996314
13.475786737022212,38.19539819849966,0.2201316553182389
7.537953044944869,24.954163703047374,0.3621369961790346
12.890128387732965,40.2392063629416,0.228988133780579
11.238342780809495,31.54253075796147,0.2582976282892404
12.46618047998347,37.115570637600705,0.23585717009070056
15.690378947961841,44.29151743233479,0.19204497166983314
9.26383565199139,28.479883776478115,0.3049570126016467
7.738791506927531,22.165825410369322,0.35440414191534647
7.33145671112343,23.394805449406505,0.3704476137280957
7.552569145103686,25.25877196701436,0.3615628671822898
9.768694871757688,34.400042719187155,0.2914934803008094
11.02345592444993,36.210619125455715,0.2626714840144058
10.830072397990056,40.14750879401061,0.26673625144023905
12.48154974710807,32.94689455247335,0.2356009574527
10.039005675633721,33.16084405434803,0.2847622277353331
14.360602231471951,41.78304706656766,0.20797887366327658
9.206029500286132,35.15779233822867,0.3065783575802376
18.160507499768855,75.5933874847718,0.16811943574774132
11.877002043295018,31.280630776533002,0.24611745936177465
7.428527330751153,21.935840609596227,0.3664939235248514
6.787322505816663,16.581688827502035,0.39429117607376574
11.447417245729556,31.550104472818326,0.25417965567403955
9.329611644022448,25.819738903702532,0.3031328636065087
12.142001482276276,35.97802507242457,0.24139426752669854
11.419712873720634,34.89098670706618,0.2547177638433893
9.781513262029382,35.89740555836829,0.29116709853397643
7.459618845794785,26.251198906027568,0.3652453485902722
5.455458325942406,17.40601183155979,0.4680251100328165
8.660455143798936,23.867726535300164,0.3227746698945007
12.569196382970418,38.52385914454331,0.2341504214890793
10.642281232390612,26.73049855302982,0.2708057066021563
6.262783663864036,25.013697554537238,0.4203738209317013
10.519542777553546,35.61072824529166,0.2735332384192935
11.15595213918651,31.085062185988413,0.25995729763188136
7.348427691396601,18.737848400148337,0.36975024341835516
10.461175317836584,36.07880336091018,0.2748496672031685
10.174626155338,30.029675434117998,0.2815007941648907
6.571089106508131,24.486771307297126,0.40464095138483086
