t,y1,y2
2020-01-01,0.0,0.0
2020-01-02,0.4967141530112327,-0.13826430117118466
2020-01-03,0.8683927543720719,1.5890855216086843
2020-01-04,0.5178601067844368,0.9798321823276516
2020-01-05,2.0341093053651402,1.5106920705848308
2020-01-06,0.8497186808645842,2.0592080775464052
2020-01-07,0.373283263129111,1.0247106972169613
2020-01-08,0.6335460425739818,-1.186468847388888
2020-01-09,-1.6454385807038194,-1.084105024902111
2020-01-10,-2.0523714156667556,-0.8298472565571384
2020-01-11,-2.1001792346660166,-2.5259234799696015
2020-01-12,-0.08962554440537462,-2.3713841588681017
2020-01-13,-0.4515613992883838,-2.8744663448559304
2020-01-14,-1.3450566931405605,-1.7492256369902075
2020-01-15,-2.173367051390625,-1.0773543717906207
2020-01-16,-1.9027930899722416,-1.5901164882848366
2020-01-17,-1.8711264548724853,0.32737036454636326
2020-01-18,-0.8835863792649039,-1.4226266466898276
2020-01-19,0.09622639313277148,-2.33949555176439
2020-01-20,-0.21092231878173687,-3.334499536998578
2020-01-21,-2.1005471156890145,-1.8671151819645444
2020-01-22,-0.6852300142420058,-1.5790649626954605
2020-01-23,-0.7740762820483356,-1.4541116774791667
2020-01-24,-2.1563824668874285,-1.8245340994967094
2020-01-25,-1.9037368243028436,-0.6845129735453384
2020-01-26,-0.745152717292028,-2.74486898678079
2020-01-27,-0.597466186607377,-2.2555494876723987
2020-01-28,-1.4267649911441271,-0.9208932597447844
2020-01-29,0.1334383749749305,-0.049285334073910225
2020-01-30,-0.7823554025499553,-0.29875206380308156
2020-01-31,-0.11966468263203,0.5615872680755236
2020-02-01,-0.4266891255462002,0.11539397939188803
2020-02-02,-1.2966007409007507,-1.2549769741093981
2020-02-03,-0.08676994287805706,0.2142736218349588
2020-02-04,-0.07254036865237062,1.1060660881295823
2020-02-05,0.5465790583473653,-0.00324221232308608
2020-02-06,0.6340366922174794,1.700064956576327
2020-02-07,0.6212052983140536,2.774893637425046
2020-02-08,-1.7541637274477084,2.6732002763244678
2020-02-09,-0.25539474022078934,0.7786636970945002
2020-02-10,0.11979614584400769,-1.5969891184104295
2020-02-11,-0.47917163859759404,-0.5651420557813089
2020-02-12,1.1252798142864573,-1.001106943321711
2020-02-13,-0.4460750844143012,-0.764837265291626
2020-02-14,0.5393971224365983,-0.2639737748395815
2020-02-15,-0.31285639751665595,0.5167023049405867
2020-02-16,0.043989811577829746,1.1848094542422445
2020-02-17,-0.4430962972399886,0.3964204694209273
2020-02-18,-0.5343722078679665,-1.3585915556515589
2020-02-19,-0.24278413799971893,-0.7144113235714359
2020-02-20,-0.2591608770716858,-0.7360691689179246
2020-02-21,-1.6921650143698421,-0.9400350872376195
2020-02-22,-1.3768040411592144,-1.8739478258751432
2020-02-23,-1.224477297420645,-1.1333590510583116
2020-02-24,1.0472754422885453,-0.8727808070293415
2020-02-25,0.6066319504611684,-0.2839317672972083
2020-02-26,-1.672241593527899,-0.01488335068919136
2020-02-27,-0.7788672569607613,1.9526396240134016
2020-02-28,-0.19126666845882284,1.239470939653425
2020-02-29,0.11754908399603026,-0.48237547436512396
2020-03-01,1.105122261640011,0.49777247326650886
2020-03-02,1.443147572516354,-0.27918729234283035
2020-03-03,2.06853063872571,-1.136419166443073
2020-03-04,1.3938385798745108,2.129163317561848
2020-03-05,0.13221562831893674,1.1293518348966902
2020-03-06,0.39162954622644763,0.21380013531749598
2020-03-07,-1.3120886308894097,0.3143319198644592
2020-03-08,-1.655481645197918,0.2685649932870342
2020-03-09,-1.6934520581753554,1.214428907430385
2020-03-10,-1.3870935399378377,-0.10143978920005126
2020-03-11,0.09968248956074066,-1.7078562519353373
2020-03-12,-0.06427007100256774,0.31233374998944796
2020-03-13,-1.5771515200646218,0.3527530872252027
2020-03-14,-0.45814234833884687,0.5203292680930451
2020-03-15,-1.3619560314288963,-1.1457017567301033
2020-03-16,-0.38817680144357125,-0.7990231902335447
2020-03-17,-0.10340018842261794,-0.2494187450762223
2020-03-18,-0.7816085648050443,0.05158239358848479
2020-03-19,-0.08741533038614391,-0.9178845513147902
2020-03-20,1.6384899356887266,-0.10312240899292979
2020-03-21,-0.3926830111568713,1.0862271439446898
2020-03-22,-0.9537777470168192,1.3210159867622044
2020-03-23,0.9459099028514354,-0.3142060503994335
2020-03-24,1.3734898705901528,0.5080302675522689
2020-03-25,1.6104111488000203,2.6136581043623544
2020-03-26,1.0825490792696106,1.297582042899929
2020-03-27,-0.08872348141073216,0.2875036645554023
2020-03-28,-0.06396271720838972,0.4870371291266652
2020-03-29,0.34211686655115725,1.100216711349506
2020-03-30,0.4041036674233869,2.2162991639323675
2020-03-31,0.3806548332602109,4.171179765176055
2020-04-01,1.6502307174303228,1.7597467526674142
2020-04-02,0.10617221118753206,2.0333896820727304
2020-04-03,0.23630125668246127,1.9658859666919897
2020-04-04,0.9845654462531734,1.1775930443630593
2020-04-05,-0.11899238606920637,-0.5129217641920771
2020-04-06,-0.6085954979400396,0.5129480199874641
2020-04-07,0.01238559915767698,-1.1205486161015215
2020-04-08,-0.04473599779028381,-0.2832961101847729
2020-04-09,-0.9628846571332295,-0.029673359502420976
2020-04-10,-0.429168282021099,-1.4496397106720444
2020-04-11,-0.14672472279667514,-0.43774978464132197
2020-04-12,0.9221389248486751,0.7471347644111073
2020-04-13,-0.767172952650532,-0.212902503813856
2020-04-14,0.08886829012062258,0.15589256282873565
2020-04-15,0.5906603439321062,3.972927515388149
2020-04-16,1.66080618573685,3.69652025259312
2020-04-17,2.5237089068802514,3.367545258582725
2020-04-18,1.620094260516325,3.5366090477069774
2020-04-19,0.7445437252619862,2.371175100039075
2020-04-20,0.36114333480970456,1.7279423169883632
2020-04-21,2.840818697476034,-0.7221568019558191
2020-04-22,1.9622381787213667,-1.1937643431203333
2020-04-23,0.2704343549471832,0.9613634447115764
2020-04-24,0.3917698855113697,-0.41979640461820533
2020-04-25,-0.6033780474279244,0.5452508718171636
2020-04-26,-0.9230054810676662,0.36259569844389566
2020-04-27,-0.3434117609412402,-0.7109445728597793
2020-04-28,1.8300492942827495,0.10432875031977162
2020-04-29,-1.089252189452278,0.7980663532461155
2020-04-30,-1.0467992888453037,1.0044974899082098
2020-05-01,-1.1150208848737106,0.17392226582443568
2020-05-02,-0.017738710291511084,0.6356022882026697
2020-05-03,-1.082045304560998,0.04153852399320013
2020-05-04,-1.0076602586428152,-0.9530197095460912
2020-05-05,1.071020169050471,-0.46912819235954367
2020-05-06,-0.8191995082817184,0.9576910823541912
2020-05-07,1.9040946593426122,1.361320057479146
2020-05-08,-0.29505862478687805,0.9037863594240199
2020-05-09,1.3001391086779877,-0.2539152374004323
2020-05-10,1.0431059350051357,1.0123266435924738
2020-05-11,-0.20291217535702033,0.8608024105952249
2020-05-12,-3.1705629456285376,-0.568779847584261
2020-05-13,-1.9516055937242813,-2.5402199742039673
2020-05-14,0.14856451222870115,-3.5397550406002978
2020-05-15,-1.0737132387026929,-1.948543093405477
2020-05-16,0.5147080510336737,-2.9271019788335337
2020-05-17,0.8350973819050896,-1.591615710970431
2020-05-18,-0.8822831022894924,-0.24233673774746095
2020-05-19,-0.2905492031207684,-1.0103038504941189
2020-05-20,-0.2775332866691891,-1.0786606680944617
2020-05-21,-0.24098143170223887,-0.06832571233638729
2020-05-22,1.4518609578269552,-1.351105355739353
2020-05-23,2.588742782421874,-2.327192725618027
2020-05-24,0.6771477510517483,-0.03137559415967783
2020-05-25,0.6132906244289713,-0.43838055100087614
2020-05-26,0.010846951657035087,-0.5720420779306674
2020-05-27,-0.6983496967018277,0.5096309357597351
2020-05-28,0.10976682476608052,-0.5966359428153615
2020-05-29,0.8351560992532187,-0.01775199738278338
2020-05-30,1.2268897689890128,0.8695244732699078
2020-05-31,-0.04164523177358448,0.3296005744616788
2020-06-01,0.7923911041288053,0.7956370405783968
2020-06-02,0.5344213662159338,0.8324269388944616
2020-06-03,1.7113609666752843,0.06821118436562712
2020-06-04,1.416420101380805,0.35214234818806756
2020-06-05,0.5609573171007957,1.7349882913142725
2020-06-06,1.4528926658012822,2.0227898059194405
2020-06-07,2.436483101238858,1.670545524924808
2020-06-08,2.2343036268993544,1.423005488733086
2020-06-09,1.7259192636847367,1.3939513269419734
2020-06-10,1.238745862223481,1.9493036007075186
2020-06-11,0.19101296801977174,3.6335931947770157
2020-06-12,-0.18379225853441294,1.0232711944844084
2020-06-13,1.270868983129743,1.350487733093257
2020-06-14,1.5296518552356781,1.819898844059157
2020-06-15,1.1165589235827558,0.6535804915203659
2020-06-16,0.7648001182891774,0.049954260474934564
2020-06-17,1.3675106446573269,0.11235521026957529
2020-06-18,-0.11927083240993308,0.1562804779059498
2020-06-19,0.3845521336518479,-0.505737515783385
2020-06-20,-0.7310918318971845,0.05561034211743571
2020-06-21,-0.10945727641638237,-0.6929045196698237
2020-06-22,-0.6643478477604787,-0.21652995736917263
2020-06-23,-1.8235642568513981,-1.7366861031262024
2020-06-24,-1.9775635703033756,-1.8025280906429881
2020-06-25,-1.0383798376822808,-0.1994297085272536
2020-06-26,0.2985837626554283,-0.5911103063844635
2020-06-27,0.012053612148132612,-1.2676204196718586
2020-06-28,-0.2660104138526953,-1.0456148070788132
2020-06-29,-0.019409608004020806,-1.5344029519554194
2020-06-30,0.202761119848078,0.6062742594281199
2020-07-01,0.11387526335280536,0.8263046137102368
2020-07-02,0.9123425461295626,0.12872487534614735
2020-07-03,0.7060087299444275,0.36353008982835205
2020-07-04,0.523386481486716,-0.343089110975127
2020-07-05,0.21758559280727527,0.449160769106388
2020-07-06,1.649768558019957,1.2940429653912222
2020-07-07,3.2368753295997794,0.504008783752671
2020-07-08,2.591560058271102,1.4568098748698879
2020-07-09,3.776944937327201,0.8432556570481118
2020-07-10,1.2174017578924468,1.039644229983005
2020-07-11,-1.3072659993669826,0.46325204367677597
2020-07-12,-1.320115252501834,0.036165212872178415
2020-07-13,-0.3110686078993219,1.501835391188643
2020-07-14,1.0952566124741179,0.23087699668098616
2020-07-15,-0.3046109657751018,0.9590223532573328
2020-07-16,-1.2807342192567266,2.315488888076223
2020-07-17,1.0021707887081683,0.535897414964011
2020-07-18,-1.1048696517439915,1.9760620597562704
2020-07-19,-0.27176225917335955,2.091992652304026
2020-07-20,-1.3119102579202417,0.574291890676635
2020-07-21,-0.5358530511066107,-0.002017349205349468
2020-07-22,-0.7183954668736189,0.46088360749230584
2020-07-23,-1.3346414413209426,-0.08136796058799567
2020-07-24,-0.5632986810661716,0.0652256253096688
2020-07-25,0.4430106626177375,-1.2544963209719193
2020-07-26,-1.5635081036211373,0.6578822281006786
2020-07-27,-0.3178635942108413,-0.8228096307824877
2020-07-28,1.2276582522606048,-0.4733702224398863
2020-07-29,1.6984522657061516,0.15179382362435861
2020-07-30,2.9403328224599345,2.355952816329665
2020-07-31,1.6923928260168268,3.267242487490135
2020-08-01,2.145020860091588,3.836694897831477
2020-08-02,0.874925949031985,3.6315746567248017
2020-08-03,2.2222023927105408,0.6826830923213623
2020-08-04,0.06437930215376775,-0.9629616045541209
2020-08-05,-0.42980950427849796,0.15907908370961987
2020-08-06,1.319268116698703,0.04059937936199773
2020-08-07,2.296369479793043,-0.9599613955880819
2020-08-08,-0.7471899785762496,0.05738630768844503
2020-08-09,0.021947721188871505,-0.22241995705390097
2020-08-10,-2.100952230856221,-0.21598769738846751
2020-08-11,-2.3981431554106574,-0.09020573885990835
2020-08-12,-0.8505144793804622,-1.7134461762664974
2020-08-13,-1.2818133922802242,-2.3424355714629885
2020-08-14,-1.1720729077058816,-0.8348630400606222
2020-08-15,-1.738735108200609,-0.34849318083029335
2020-08-16,-1.469323808638804,-1.5235892732207028
2020-08-17,-1.1464101189181004,-2.390193028943437
2020-08-18,-1.6048929705949198,-2.975916745630341
2020-08-19,0.5670952984928612,-2.2317543865849516
2020-08-20,-0.8625287360631451,-0.9549441316688907
2020-08-21,-0.7345812440561803,-1.0526946993535005
2020-08-22,0.036337138144634906,-0.0944834827816492
2020-08-23,-0.5312292750945399,-0.6216071888702791
2020-08-24,-0.6649877724729698,-2.834254260586114
2020-08-25,-2.41453580055226,-0.5331746206490349
2020-08-26,0.3310648890953467,-1.293301552111477
2020-08-27,0.48342909718114435,-0.365411309994746
2020-08-28,3.2475130950468607,1.0453568545920724
2020-08-29,1.7049103269610781,0.6459276006688757
2020-08-30,-0.6248056366432583,1.102493294356872
2020-08-31,-0.8482549047345581,-0.9481994239765285
2020-09-01,-1.2603402214051114,-1.9049441294206797
2020-09-02,0.675982698485873,-0.6394287871244906
2020-09-03,0.202132950501421,1.299081676161094
2020-09-04,0.4382511181305476,-0.021195310481181062
2020-09-05,1.7380105742386949,0.6576681928351144
2020-09-06,-0.03670722864008602,0.7256654098890689
